columna,descripcion,tipo,valores_posibles,valores_sin_dato,uso_en_el_proyecto,sensibilidad,observaciones,certeza
EquipoID,Identificador único del equipo.,Identificador (texto),PC-001 a PC-5588,,Llave principal: contar el universo y cruzar información.,Alta,"Hay 5,563 filas para 5,588 IDs posibles: faltan IDs. ¿Equipos dados de baja?",Evidente
UsuarioID,"Usuario asignado al equipo, ya seudonimizado.",Identificador (texto),U-001 a U-4517 | No asignado,No asignado,Detectar equipos sin responsable y usuarios con varios equipos.,Alta,"Es un seudónimo: si alguien tiene la tabla que liga U-### con personas, es dato personal. No debemos pedirla.",Inferido (confirmar con FEMSA)
País,País donde opera el equipo.,Texto (catálogo),Argentina | Brasil | Colombia | Costa Rica | Guatemala | México | Nicaragua | Panamá | Uruguay | Venezuela | No disponible,No disponible,Segmentar KPIs y generar reportes por país.,Media,,Evidente
Región,Región geográfica del país.,Texto (catálogo),Sudamérica | Norteamérica | Centroamérica | No disponible,No disponible,Agrupar KPIs por región.,Baja,Depende del país: validar que sean consistentes.,Evidente
Sistema Operativo,Sistema operativo del equipo.,Texto (catálogo),Windows | macOS,,"Define la tecnología de cifrado esperada (BitLocker en Windows, FileVault en macOS).",Baja,,Evidente
Versión SO,Versión o build del sistema operativo.,Texto (catálogo),10.0.19043.x | 10.0.19044.x | 10.0.19045.x | 10.0.22631.x | 10.0.26100.x | 10.0.26200.x | 26.0.x | macOs (versión agrupada) | macOs 15 | Windows (versión agrupada) | Windows 10 | Windows 15,,Detectar versiones donde el control de cifrado falla.,Media,Mezcla builds exactos (10.0.x) con nombres agrupados. 'Windows 15' no existe: probable error de captura. '26.0.x' parece macOS 26.,Inferido (confirmar con FEMSA)
Estado TPM,"Versión del chip de seguridad TPM, que BitLocker usa para resguardar la llave de cifrado.",Texto (catálogo),TPM 2 | TPM 1.2 | No aplica | No disponible,No disponible,Explicar por qué un equipo no puede cifrarse según la política.,Baja,'No aplica' debería corresponder a macOS (no usa TPM).,Inferido (confirmar con FEMSA)
Encryption Readiness,Si el equipo cumple los requisitos para poder cifrarse.,Texto (catálogo),Ready | Not ready | No disponible,No disponible,Distinguir 'no se puede cifrar' de 'se puede pero no se cifró'.,Baja,,Inferido (confirmar con FEMSA)
Estado de Cifrado,Si el disco del equipo está cifrado.,Texto (catálogo),Encrypted | Not encrypted | No disponible,No disponible,Variable central del control.,Alta,Junto con EquipoID indica qué equipos están desprotegidos.,Evidente
Tecnología de cifrado State,Detalle del estado de cifrado reportado por la herramienta. No es la tecnología (BitLocker/FileVault).,Texto (catálogo),"Success | Fixed Drive, not Encrypted | TPM not used for protection of OS volume, but is required by policy | Encryption method of OS Volume is different than that set by policy | No aplica | No disponible",No disponible,Detectar equipos cifrados que no cumplen la política.,Media,Nombre engañoso. 'Success' parece significar 'cumple la política'.,Inferido (confirmar con FEMSA)
Estado de Cumplimiento,Etiqueta de cumplimiento que trae la fuente.,Texto (catálogo),Compliant | Unknown | No disponible,No disponible,Comparar contra el cumplimiento que calculemos con nuestras reglas.,Media,No existe un valor de incumplimiento: esta columna no permite identificar equipos que no cumplen.,Inferido (confirmar con FEMSA)
Categoría de Equipo,Tipo de equipo.,Texto (catálogo),Laptop | No disponible,No disponible,Las laptops tienen mayor riesgo de pérdida o robo.,Baja,No aparecen equipos de escritorio: ¿no existen o se excluyeron del archivo?,Evidente
Clase de Equipo,Clase de equipo.,Texto (catálogo),Computer,,Ninguno por ahora: tiene un solo valor.,Baja,Sin variación: no aporta al análisis.,Evidente
Perfil de Privilegio,Nivel de privilegios del usuario en el equipo.,Texto (catálogo),Administrador | Usuario avanzado | Sin dato | No disponible,Sin dato | No disponible,Priorizar incidencias: un administrador puede suspender o desactivar el cifrado.,Media,¿Qué diferencia hay entre 'Sin dato' y 'No disponible'? No existe un perfil de usuario estándar.,Inferido (confirmar con FEMSA)
Antigüedad Meses,Antigüedad del equipo en meses.,Número entero,2 | 7 | 13 | 23 | 36 | (vacío),(vacío),Revisar si los equipos más viejos se cifran menos.,Baja,"Solo 5 valores distintos: parece agrupado, no exacto.",Inferido (confirmar con FEMSA)
Banda Antigüedad,Rango de antigüedad del equipo.,Texto (catálogo),<1 año | 1-2 años | 3-4 años | No disponible,No disponible,Agrupar el análisis por antigüedad.,Baja,Validar que sea consistente con Antigüedad Meses. ¿36 meses es '3-4 años'? No existe banda de más de 4 años.,Inferido (confirmar con FEMSA)
Estado de Cuenta,Estado de la cuenta del equipo en el directorio.,Texto (catálogo),Habilitada | No aplica | No disponible,No disponible,Detectar equipos sin cuenta activa que siguen en el inventario.,Baja,No aparece 'Deshabilitada'.,Inferido (confirmar con FEMSA)
Mes Último Logon,Mes del último inicio de sesión.,Fecha (AAAA-MM),2023-01 a 2025-10 (20 meses distintos) | No disponible,No disponible,Identificar equipos inactivos y decidir si cuentan en el universo.,Baja,El mes más reciente es 2025-10: ¿es la fecha de corte del archivo?,Evidente
Banda Recencia,Días desde el último inicio de sesión.,Texto (catálogo),0-30 días | 31-90 días | 91-180 días | >180 días | No disponible,No disponible,Agrupar el análisis por actividad del equipo.,Baja,Validar que sea consistente con Mes Último Logon. ¿Contra qué fecha se calcula?,Inferido (confirmar con FEMSA)
Estado Hardware,Estado de instalación del equipo o de su componente de gestión.,Texto (catálogo),Installed | Pending Install | No disponible,No disponible,Por definir.,Baja,Significado no claro: preguntar a FEMSA.,Inferido (confirmar con FEMSA)
Tipo de Red,Tipo de red de la última conexión del equipo.,Texto (catálogo),Privada | CGNAT | No diponible,No diponible,Por definir.,Baja,'No diponible' está mal escrito: se normaliza a 'No disponible'.,Inferido (confirmar con FEMSA)
Fuente de Datos,Sistema del que proviene el registro.,Texto (catálogo),MDM+AD | MDM | AD | Iinventario macOS,,Medir visibilidad: sin MDM no hay información de cifrado.,Baja,'Iinventario' está mal escrito.,Inferido (confirmar con FEMSA)
En MDM,Si el equipo aparece en la plataforma MDM.,Sí/No,Sí | No,,Detectar equipos no gestionados.,Baja,Validar que sea consistente con Fuente de Datos.,Evidente
En AD,Si el equipo aparece en el Directorio Activo.,Sí/No,Sí | No,,Cruzar con el inventario.,Baja,Validar que sea consistente con Fuente de Datos.,Evidente
En MacOS,Si el equipo aparece en el inventario manual de macOS.,Sí/No,Sí | No,,Identificar las Mac revisadas manualmente.,Baja,Nombre ambiguo: confirmar que se refiere al inventario de macOS.,Inferido (confirmar con FEMSA)
